<?xml version="1.0" encoding="UTF-8"?>
<project-private xmlns="http://www.netbeans.org/ns/project-private/1">
    <editor-bookmarks xmlns="http://www.netbeans.org/ns/editor-bookmarks/2" lastBookmarkId="0"/>
    <open-files xmlns="http://www.netbeans.org/ns/projectui-open-files/2">
        <group>
            <file>file:/C:/Users/renad/OneDrive/سطح%20المكتب/مشروع%20برمجة/project/src/project/Rental.java</file>
            <file>file:/C:/Users/renad/OneDrive/سطح%20المكتب/مشروع%20برمجة/project/src/project/Booking.java</file>
            <file>file:/C:/Users/renad/OneDrive/سطح%20المكتب/مشروع%20برمجة/project/src/project/main.java</file>
            <file>file:/C:/Users/renad/OneDrive/سطح%20المكتب/مشروع%20برمجة/project/src/project/payment.java</file>
        </group>
    </open-files>
</project-private>
